{"cameraMode":{"drawMode":0,"name":"Shaded","section":"Shading Mode"},"sceneLighting":true,"audioPlay":false,"sceneViewState":{"m_AlwaysRefresh":false,"showFog":true,"showSkybox":true,"showFlares":true,"showImageEffects":true,"showParticleSystems":true,"showVisualEffectGraphs":true,"m_FxEnabled":true},"in2DMode":false,"pivot":{"x":1.8808716535568238,"y":-0.16746941208839417,"z":0.3565700054168701},"rotation":{"x":-0.044936973601579669,"y":-0.3501821756362915,"z":0.01682102307677269,"w":-0.9354579448699951},"size":4.343034267425537,"orthographic":false}